,source,target,weight
0,0,0,0.0
1,0,1,4.0
2,0,2,4.0
3,0,3,1.0
4,0,4,0.0
5,0,5,18.0
6,0,6,6.0
7,0,7,2.0
8,0,8,0.0
9,0,9,4.0
10,0,10,0.0
11,0,11,1.0
12,0,12,5.0
13,0,13,0.0
14,0,14,87.0
15,0,15,4.0
16,0,16,3.0
17,0,17,2.0
18,0,18,1.0
19,0,19,3.0
20,0,20,6.0
21,0,21,0.0
22,0,22,0.0
23,0,23,7.0
24,0,24,5.0
25,0,25,5.0
26,0,26,4.0
27,0,27,0.0
28,0,28,1.0
29,0,29,4.0
30,0,30,0.0
31,0,31,0.0
32,0,32,0.0
33,0,33,3.0
34,0,34,4.0
35,0,35,0.0
36,0,36,1.0
37,0,37,0.0
38,0,38,0.0
39,0,39,4.0
40,0,40,0.0
41,0,41,4.0
42,0,42,0.0
43,0,43,0.0
44,0,44,2.0
45,0,45,3.0
46,0,46,1.0
47,0,47,0.0
48,0,48,0.0
49,0,49,3.0
50,0,50,0.0
51,0,51,0.0
52,0,52,3.0
53,0,53,0.0
54,0,54,1.0
55,0,55,1.0
56,0,56,0.0
57,0,57,1.0
58,1,0,4.0
59,1,1,0.0
60,1,2,47.0
61,1,3,15.0
62,1,4,6.0
63,1,5,181.0
64,1,6,33.0
65,1,7,15.0
66,1,8,55.0
67,1,9,27.0
68,1,10,0.0
69,1,11,26.0
70,1,12,22.0
71,1,13,1.0
72,1,14,225.0
73,1,15,42.0
74,1,16,21.0
75,1,17,8.0
76,1,18,2.0
77,1,19,26.0
78,1,20,26.0
79,1,21,16.0
80,1,22,11.0
81,1,23,29.0
82,1,24,58.0
83,1,25,20.0
84,1,26,32.0
85,1,27,0.0
86,1,28,6.0
87,1,29,71.0
88,1,30,0.0
89,1,31,0.0
90,1,32,0.0
91,1,33,11.0
92,1,34,52.0
93,1,35,0.0
94,1,36,24.0
95,1,37,0.0
96,1,38,0.0
97,1,39,27.0
98,1,40,13.0
99,1,41,17.0
100,1,42,0.0
101,1,43,8.0
102,1,44,12.0
103,1,45,25.0
104,1,46,8.0
105,1,47,0.0
106,1,48,0.0
107,1,49,24.0
108,1,50,0.0
109,1,51,6.0
110,1,52,25.0
111,1,53,0.0
112,1,54,12.0
113,1,55,10.0
114,1,56,0.0
115,1,57,2.0
116,2,0,4.0
117,2,1,47.0
118,2,2,0.0
119,2,3,11.0
120,2,4,3.0
121,2,5,181.0
122,2,6,18.0
123,2,7,13.0
124,2,8,10.0
125,2,9,30.0
126,2,10,0.0
127,2,11,74.0
128,2,12,17.0
129,2,13,0.0
130,2,14,216.0
131,2,15,43.0
132,2,16,34.0
133,2,17,8.0
134,2,18,5.0
135,2,19,34.0
136,2,20,30.0
137,2,21,15.0
138,2,22,8.0
139,2,23,35.0
140,2,24,25.0
141,2,25,11.0
142,2,26,9.0
143,2,27,0.0
144,2,28,4.0
145,2,29,41.0
146,2,30,1.0
147,2,31,0.0
148,2,32,0.0
149,2,33,9.0
150,2,34,9.0
151,2,35,0.0
152,2,36,11.0
153,2,37,0.0
154,2,38,0.0
155,2,39,18.0
156,2,40,12.0
157,2,41,29.0
158,2,42,0.0
159,2,43,6.0
160,2,44,22.0
161,2,45,29.0
162,2,46,7.0
163,2,47,0.0
164,2,48,0.0
165,2,49,6.0
166,2,50,0.0
167,2,51,6.0
168,2,52,21.0
169,2,53,0.0
170,2,54,11.0
171,2,55,11.0
172,2,56,0.0
173,2,57,1.0
174,3,0,1.0
175,3,1,15.0
176,3,2,11.0
177,3,3,0.0
178,3,4,0.0
179,3,5,78.0
180,3,6,29.0
181,3,7,7.0
182,3,8,14.0
183,3,9,16.0
184,3,10,0.0
185,3,11,5.0
186,3,12,15.0
187,3,13,0.0
188,3,14,87.0
189,3,15,19.0
190,3,16,13.0
191,3,17,7.0
192,3,18,9.0
193,3,19,90.0
194,3,20,23.0
195,3,21,15.0
196,3,22,7.0
197,3,23,19.0
198,3,24,21.0
199,3,25,5.0
200,3,26,14.0
201,3,27,0.0
202,3,28,7.0
203,3,29,8.0
204,3,30,1.0
205,3,31,0.0
206,3,32,0.0
207,3,33,10.0
208,3,34,2.0
209,3,35,0.0
210,3,36,15.0
211,3,37,0.0
212,3,38,0.0
213,3,39,16.0
214,3,40,7.0
215,3,41,69.0
216,3,42,0.0
217,3,43,4.0
218,3,44,10.0
219,3,45,12.0
220,3,46,3.0
221,3,47,0.0
222,3,48,0.0
223,3,49,12.0
224,3,50,0.0
225,3,51,0.0
226,3,52,9.0
227,3,53,0.0
228,3,54,2.0
229,3,55,3.0
230,3,56,0.0
231,3,57,2.0
232,4,0,0.0
233,4,1,6.0
234,4,2,3.0
235,4,3,0.0
236,4,4,0.0
237,4,5,9.0
238,4,6,6.0
239,4,7,2.0
240,4,8,7.0
241,4,9,4.0
242,4,10,0.0
243,4,11,4.0
244,4,12,6.0
245,4,13,0.0
246,4,14,112.0
247,4,15,5.0
248,4,16,13.0
249,4,17,5.0
250,4,18,2.0
251,4,19,9.0
252,4,20,5.0
253,4,21,4.0
254,4,22,3.0
255,4,23,10.0
256,4,24,3.0
257,4,25,3.0
258,4,26,1.0
259,4,27,0.0
260,4,28,1.0
261,4,29,3.0
262,4,30,0.0
263,4,31,0.0
264,4,32,0.0
265,4,33,2.0
266,4,34,3.0
267,4,35,0.0
268,4,36,4.0
269,4,37,0.0
270,4,38,0.0
271,4,39,7.0
272,4,40,2.0
273,4,41,5.0
274,4,42,0.0
275,4,43,2.0
276,4,44,1.0
277,4,45,1.0
278,4,46,1.0
279,4,47,0.0
280,4,48,0.0
281,4,49,5.0
282,4,50,0.0
283,4,51,1.0
284,4,52,6.0
285,4,53,0.0
286,4,54,1.0
287,4,55,4.0
288,4,56,0.0
289,4,57,0.0
290,5,0,18.0
291,5,1,181.0
292,5,2,181.0
293,5,3,78.0
294,5,4,9.0
295,5,5,0.0
296,5,6,166.0
297,5,7,61.0
298,5,8,93.0
299,5,9,213.0
300,5,10,1.0
301,5,11,32.0
302,5,12,79.0
303,5,13,1.0
304,5,14,984.0
305,5,15,251.0
306,5,16,194.0
307,5,17,58.0
308,5,18,20.0
309,5,19,178.0
310,5,20,194.0
311,5,21,67.0
312,5,22,42.0
313,5,23,203.0
314,5,24,250.0
315,5,25,92.0
316,5,26,56.0
317,5,27,0.0
318,5,28,38.0
319,5,29,65.0
320,5,30,0.0
321,5,31,0.0
322,5,32,0.0
323,5,33,128.0
324,5,34,80.0
325,5,35,0.0
326,5,36,114.0
327,5,37,0.0
328,5,38,0.0
329,5,39,114.0
330,5,40,117.0
331,5,41,95.0
332,5,42,1.0
333,5,43,22.0
334,5,44,55.0
335,5,45,93.0
336,5,46,43.0
337,5,47,0.0
338,5,48,0.0
339,5,49,80.0
340,5,50,0.0
341,5,51,13.0
342,5,52,79.0
343,5,53,0.0
344,5,54,55.0
345,5,55,41.0
346,5,56,0.0
347,5,57,35.0
348,6,0,6.0
349,6,1,33.0
350,6,2,18.0
351,6,3,29.0
352,6,4,6.0
353,6,5,166.0
354,6,6,0.0
355,6,7,10.0
356,6,8,38.0
357,6,9,20.0
358,6,10,0.0
359,6,11,9.0
360,6,12,38.0
361,6,13,0.0
362,6,14,241.0
363,6,15,25.0
364,6,16,32.0
365,6,17,12.0
366,6,18,9.0
367,6,19,45.0
368,6,20,32.0
369,6,21,18.0
370,6,22,9.0
371,6,23,49.0
372,6,24,48.0
373,6,25,20.0
374,6,26,21.0
375,6,27,0.0
376,6,28,11.0
377,6,29,34.0
378,6,30,1.0
379,6,31,0.0
380,6,32,0.0
381,6,33,31.0
382,6,34,14.0
383,6,35,0.0
384,6,36,116.0
385,6,37,0.0
386,6,38,0.0
387,6,39,115.0
388,6,40,25.0
389,6,41,29.0
390,6,42,0.0
391,6,43,5.0
392,6,44,13.0
393,6,45,16.0
394,6,46,10.0
395,6,47,0.0
396,6,48,0.0
397,6,49,68.0
398,6,50,0.0
399,6,51,4.0
400,6,52,47.0
401,6,53,0.0
402,6,54,11.0
403,6,55,20.0
404,6,56,0.0
405,6,57,2.0
406,7,0,2.0
407,7,1,15.0
408,7,2,13.0
409,7,3,7.0
410,7,4,2.0
411,7,5,61.0
412,7,6,10.0
413,7,7,0.0
414,7,8,4.0
415,7,9,10.0
416,7,10,0.0
417,7,11,6.0
418,7,12,2.0
419,7,13,0.0
420,7,14,72.0
421,7,15,16.0
422,7,16,11.0
423,7,17,4.0
424,7,18,9.0
425,7,19,34.0
426,7,20,55.0
427,7,21,11.0
428,7,22,3.0
429,7,23,10.0
430,7,24,11.0
431,7,25,7.0
432,7,26,3.0
433,7,27,0.0
434,7,28,17.0
435,7,29,3.0
436,7,30,0.0
437,7,31,0.0
438,7,32,0.0
439,7,33,8.0
440,7,34,5.0
441,7,35,0.0
442,7,36,4.0
443,7,37,0.0
444,7,38,0.0
445,7,39,10.0
446,7,40,4.0
447,7,41,13.0
448,7,42,0.0
449,7,43,4.0
450,7,44,15.0
451,7,45,9.0
452,7,46,3.0
453,7,47,0.0
454,7,48,0.0
455,7,49,11.0
456,7,50,0.0
457,7,51,0.0
458,7,52,6.0
459,7,53,0.0
460,7,54,9.0
461,7,55,4.0
462,7,56,0.0
463,7,57,2.0
464,8,0,0.0
465,8,1,55.0
466,8,2,10.0
467,8,3,14.0
468,8,4,7.0
469,8,5,93.0
470,8,6,38.0
471,8,7,4.0
472,8,8,0.0
473,8,9,16.0
474,8,10,0.0
475,8,11,14.0
476,8,12,24.0
477,8,13,0.0
478,8,14,100.0
479,8,15,10.0
480,8,16,14.0
481,8,17,5.0
482,8,18,28.0
483,8,19,14.0
484,8,20,12.0
485,8,21,8.0
486,8,22,2.0
487,8,23,21.0
488,8,24,79.0
489,8,25,11.0
490,8,26,19.0
491,8,27,0.0
492,8,28,2.0
493,8,29,61.0
494,8,30,0.0
495,8,31,0.0
496,8,32,0.0
497,8,33,5.0
498,8,34,7.0
499,8,35,0.0
500,8,36,30.0
501,8,37,0.0
502,8,38,0.0
503,8,39,19.0
504,8,40,6.0
505,8,41,13.0
506,8,42,0.0
507,8,43,9.0
508,8,44,7.0
509,8,45,6.0
510,8,46,4.0
511,8,47,0.0
512,8,48,0.0
513,8,49,36.0
514,8,50,0.0
515,8,51,0.0
516,8,52,24.0
517,8,53,0.0
518,8,54,5.0
519,8,55,18.0
520,8,56,0.0
521,8,57,2.0
522,9,0,4.0
523,9,1,27.0
524,9,2,30.0
525,9,3,16.0
526,9,4,4.0
527,9,5,213.0
528,9,6,20.0
529,9,7,10.0
530,9,8,16.0
531,9,9,0.0
532,9,10,0.0
533,9,11,6.0
534,9,12,26.0
535,9,13,0.0
536,9,14,254.0
537,9,15,35.0
538,9,16,33.0
539,9,17,10.0
540,9,18,12.0
541,9,19,52.0
542,9,20,32.0
543,9,21,21.0
544,9,22,45.0
545,9,23,38.0
546,9,24,25.0
547,9,25,56.0
548,9,26,11.0
549,9,27,0.0
550,9,28,21.0
551,9,29,18.0
552,9,30,0.0
553,9,31,0.0
554,9,32,0.0
555,9,33,16.0
556,9,34,7.0
557,9,35,0.0
558,9,36,15.0
559,9,37,0.0
560,9,38,0.0
561,9,39,24.0
562,9,40,17.0
563,9,41,30.0
564,9,42,0.0
565,9,43,5.0
566,9,44,25.0
567,9,45,17.0
568,9,46,3.0
569,9,47,0.0
570,9,48,0.0
571,9,49,18.0
572,9,50,0.0
573,9,51,0.0
574,9,52,11.0
575,9,53,0.0
576,9,54,21.0
577,9,55,7.0
578,9,56,0.0
579,9,57,2.0
580,10,0,0.0
581,10,1,0.0
582,10,2,0.0
583,10,3,0.0
584,10,4,0.0
585,10,5,1.0
586,10,6,0.0
587,10,7,0.0
588,10,8,0.0
589,10,9,0.0
590,10,10,0.0
591,10,11,0.0
592,10,12,0.0
593,10,13,0.0
594,10,14,0.0
595,10,15,0.0
596,10,16,0.0
597,10,17,0.0
598,10,18,0.0
599,10,19,0.0
600,10,20,0.0
601,10,21,0.0
602,10,22,0.0
603,10,23,0.0
604,10,24,0.0
605,10,25,0.0
606,10,26,0.0
607,10,27,0.0
608,10,28,0.0
609,10,29,0.0
610,10,30,0.0
611,10,31,0.0
612,10,32,0.0
613,10,33,0.0
614,10,34,0.0
615,10,35,0.0
616,10,36,0.0
617,10,37,0.0
618,10,38,0.0
619,10,39,0.0
620,10,40,0.0
621,10,41,0.0
622,10,42,0.0
623,10,43,0.0
624,10,44,0.0
625,10,45,0.0
626,10,46,0.0
627,10,47,0.0
628,10,48,0.0
629,10,49,0.0
630,10,50,0.0
631,10,51,0.0
632,10,52,0.0
633,10,53,0.0
634,10,54,0.0
635,10,55,0.0
636,10,56,0.0
637,10,57,0.0
638,11,0,1.0
639,11,1,26.0
640,11,2,74.0
641,11,3,5.0
642,11,4,4.0
643,11,5,32.0
644,11,6,9.0
645,11,7,6.0
646,11,8,14.0
647,11,9,6.0
648,11,10,0.0
649,11,11,0.0
650,11,12,13.0
651,11,13,0.0
652,11,14,97.0
653,11,15,9.0
654,11,16,16.0
655,11,17,1.0
656,11,18,12.0
657,11,19,20.0
658,11,20,20.0
659,11,21,16.0
660,11,22,2.0
661,11,23,3.0
662,11,24,59.0
663,11,25,5.0
664,11,26,9.0
665,11,27,0.0
666,11,28,8.0
667,11,29,249.0
668,11,30,0.0
669,11,31,0.0
670,11,32,0.0
671,11,33,4.0
672,11,34,3.0
673,11,35,0.0
674,11,36,6.0
675,11,37,0.0
676,11,38,0.0
677,11,39,7.0
678,11,40,4.0
679,11,41,16.0
680,11,42,0.0
681,11,43,21.0
682,11,44,8.0
683,11,45,7.0
684,11,46,2.0
685,11,47,0.0
686,11,48,0.0
687,11,49,12.0
688,11,50,0.0
689,11,51,1.0
690,11,52,39.0
691,11,53,0.0
692,11,54,4.0
693,11,55,49.0
694,11,56,0.0
695,11,57,4.0
696,12,0,5.0
697,12,1,22.0
698,12,2,17.0
699,12,3,15.0
700,12,4,6.0
701,12,5,79.0
702,12,6,38.0
703,12,7,2.0
704,12,8,24.0
705,12,9,26.0
706,12,10,0.0
707,12,11,13.0
708,12,12,0.0
709,12,13,0.0
710,12,14,111.0
711,12,15,32.0
712,12,16,9.0
713,12,17,5.0
714,12,18,10.0
715,12,19,24.0
716,12,20,13.0
717,12,21,7.0
718,12,22,6.0
719,12,23,23.0
720,12,24,97.0
721,12,25,6.0
722,12,26,26.0
723,12,27,0.0
724,12,28,2.0
725,12,29,22.0
726,12,30,1.0
727,12,31,0.0
728,12,32,0.0
729,12,33,6.0
730,12,34,8.0
731,12,35,0.0
732,12,36,39.0
733,12,37,0.0
734,12,38,0.0
735,12,39,26.0
736,12,40,9.0
737,12,41,19.0
738,12,42,0.0
739,12,43,71.0
740,12,44,6.0
741,12,45,9.0
742,12,46,5.0
743,12,47,0.0
744,12,48,0.0
745,12,49,11.0
746,12,50,0.0
747,12,51,3.0
748,12,52,38.0
749,12,53,0.0
750,12,54,6.0
751,12,55,80.0
752,12,56,0.0
753,12,57,3.0
754,13,0,0.0
755,13,1,1.0
756,13,2,0.0
757,13,3,0.0
758,13,4,0.0
759,13,5,1.0
760,13,6,0.0
761,13,7,0.0
762,13,8,0.0
763,13,9,0.0
764,13,10,0.0
765,13,11,0.0
766,13,12,0.0
767,13,13,0.0
768,13,14,10.0
769,13,15,0.0
770,13,16,0.0
771,13,17,0.0
772,13,18,0.0
773,13,19,2.0
774,13,20,0.0
775,13,21,0.0
776,13,22,0.0
777,13,23,2.0
778,13,24,0.0
779,13,25,0.0
780,13,26,0.0
781,13,27,0.0
782,13,28,0.0
783,13,29,0.0
784,13,30,0.0
785,13,31,0.0
786,13,32,0.0
787,13,33,0.0
788,13,34,0.0
789,13,35,0.0
790,13,36,0.0
791,13,37,0.0
792,13,38,0.0
793,13,39,0.0
794,13,40,0.0
795,13,41,0.0
796,13,42,0.0
797,13,43,0.0
798,13,44,0.0
799,13,45,0.0
800,13,46,0.0
801,13,47,0.0
802,13,48,0.0
803,13,49,0.0
804,13,50,0.0
805,13,51,0.0
806,13,52,0.0
807,13,53,0.0
808,13,54,0.0
809,13,55,0.0
810,13,56,0.0
811,13,57,0.0
812,14,0,87.0
813,14,1,225.0
814,14,2,216.0
815,14,3,87.0
816,14,4,112.0
817,14,5,984.0
818,14,6,241.0
819,14,7,72.0
820,14,8,100.0
821,14,9,254.0
822,14,10,0.0
823,14,11,97.0
824,14,12,111.0
825,14,13,10.0
826,14,14,0.0
827,14,15,416.0
828,14,16,435.0
829,14,17,124.0
830,14,18,49.0
831,14,19,332.0
832,14,20,217.0
833,14,21,152.0
834,14,22,95.0
835,14,23,399.0
836,14,24,272.0
837,14,25,272.0
838,14,26,104.0
839,14,27,1.0
840,14,28,108.0
841,14,29,147.0
842,14,30,23.0
843,14,31,1.0
844,14,32,1.0
845,14,33,153.0
846,14,34,119.0
847,14,35,1.0
848,14,36,141.0
849,14,37,3.0
850,14,38,1.0
851,14,39,265.0
852,14,40,221.0
853,14,41,210.0
854,14,42,1.0
855,14,43,52.0
856,14,44,118.0
857,14,45,238.0
858,14,46,107.0
859,14,47,1.0
860,14,48,1.0
861,14,49,147.0
862,14,50,1.0
863,14,51,51.0
864,14,52,144.0
865,14,53,1.0
866,14,54,228.0
867,14,55,60.0
868,14,56,1.0
869,14,57,113.0
870,15,0,4.0
871,15,1,42.0
872,15,2,43.0
873,15,3,19.0
874,15,4,5.0
875,15,5,251.0
876,15,6,25.0
877,15,7,16.0
878,15,8,10.0
879,15,9,35.0
880,15,10,0.0
881,15,11,9.0
882,15,12,32.0
883,15,13,0.0
884,15,14,416.0
885,15,15,0.0
886,15,16,64.0
887,15,17,16.0
888,15,18,22.0
889,15,19,40.0
890,15,20,36.0
891,15,21,24.0
892,15,22,19.0
893,15,23,50.0
894,15,24,36.0
895,15,25,33.0
896,15,26,23.0
897,15,27,0.0
898,15,28,19.0
899,15,29,12.0
900,15,30,2.0
901,15,31,0.0
902,15,32,0.0
903,15,33,22.0
904,15,34,11.0
905,15,35,0.0
906,15,36,44.0
907,15,37,0.0
908,15,38,0.0
909,15,39,31.0
910,15,40,25.0
911,15,41,20.0
912,15,42,0.0
913,15,43,4.0
914,15,44,10.0
915,15,45,46.0
916,15,46,14.0
917,15,47,0.0
918,15,48,0.0
919,15,49,19.0
920,15,50,0.0
921,15,51,9.0
922,15,52,15.0
923,15,53,0.0
924,15,54,23.0
925,15,55,6.0
926,15,56,0.0
927,15,57,2.0
928,16,0,3.0
929,16,1,21.0
930,16,2,34.0
931,16,3,13.0
932,16,4,13.0
933,16,5,194.0
934,16,6,32.0
935,16,7,11.0
936,16,8,14.0
937,16,9,33.0
938,16,10,0.0
939,16,11,16.0
940,16,12,9.0
941,16,13,0.0
942,16,14,435.0
943,16,15,64.0
944,16,16,0.0
945,16,17,28.0
946,16,18,11.0
947,16,19,41.0
948,16,20,22.0
949,16,21,18.0
950,16,22,14.0
951,16,23,56.0
952,16,24,23.0
953,16,25,39.0
954,16,26,19.0
955,16,27,0.0
956,16,28,11.0
957,16,29,23.0
958,16,30,2.0
959,16,31,0.0
960,16,32,0.0
961,16,33,15.0
962,16,34,41.0
963,16,35,0.0
964,16,36,13.0
965,16,37,0.0
966,16,38,0.0
967,16,39,54.0
968,16,40,55.0
969,16,41,41.0
970,16,42,0.0
971,16,43,4.0
972,16,44,13.0
973,16,45,41.0
974,16,46,13.0
975,16,47,0.0
976,16,48,0.0
977,16,49,19.0
978,16,50,0.0
979,16,51,2.0
980,16,52,16.0
981,16,53,0.0
982,16,54,18.0
983,16,55,9.0
984,16,56,0.0
985,16,57,3.0
986,17,0,2.0
987,17,1,8.0
988,17,2,8.0
989,17,3,7.0
990,17,4,5.0
991,17,5,58.0
992,17,6,12.0
993,17,7,4.0
994,17,8,5.0
995,17,9,10.0
996,17,10,0.0
997,17,11,1.0
998,17,12,5.0
999,17,13,0.0
1000,17,14,124.0
1001,17,15,16.0
1002,17,16,28.0
1003,17,17,0.0
1004,17,18,4.0
1005,17,19,10.0
1006,17,20,7.0
1007,17,21,8.0
1008,17,22,4.0
1009,17,23,10.0
1010,17,24,6.0
1011,17,25,11.0
1012,17,26,2.0
1013,17,27,0.0
1014,17,28,4.0
1015,17,29,2.0
1016,17,30,0.0
1017,17,31,0.0
1018,17,32,0.0
1019,17,33,8.0
1020,17,34,6.0
1021,17,35,0.0
1022,17,36,5.0
1023,17,37,0.0
1024,17,38,0.0
1025,17,39,17.0
1026,17,40,10.0
1027,17,41,6.0
1028,17,42,0.0
1029,17,43,2.0
1030,17,44,6.0
1031,17,45,10.0
1032,17,46,2.0
1033,17,47,0.0
1034,17,48,0.0
1035,17,49,5.0
1036,17,50,0.0
1037,17,51,2.0
1038,17,52,5.0
1039,17,53,0.0
1040,17,54,8.0
1041,17,55,5.0
1042,17,56,0.0
1043,17,57,2.0
1044,18,0,1.0
1045,18,1,2.0
1046,18,2,5.0
1047,18,3,9.0
1048,18,4,2.0
1049,18,5,20.0
1050,18,6,9.0
1051,18,7,9.0
1052,18,8,28.0
1053,18,9,12.0
1054,18,10,0.0
1055,18,11,12.0
1056,18,12,10.0
1057,18,13,0.0
1058,18,14,49.0
1059,18,15,22.0
1060,18,16,11.0
1061,18,17,4.0
1062,18,18,0.0
1063,18,19,29.0
1064,18,20,15.0
1065,18,21,12.0
1066,18,22,3.0
1067,18,23,8.0
1068,18,24,28.0
1069,18,25,1.0
1070,18,26,31.0
1071,18,27,0.0
1072,18,28,5.0
1073,18,29,18.0
1074,18,30,1.0
1075,18,31,0.0
1076,18,32,0.0
1077,18,33,10.0
1078,18,34,2.0
1079,18,35,0.0
1080,18,36,20.0
1081,18,37,0.0
1082,18,38,0.0
1083,18,39,14.0
1084,18,40,4.0
1085,18,41,53.0
1086,18,42,0.0
1087,18,43,3.0
1088,18,44,7.0
1089,18,45,3.0
1090,18,46,0.0
1091,18,47,0.0
1092,18,48,0.0
1093,18,49,8.0
1094,18,50,0.0
1095,18,51,0.0
1096,18,52,7.0
1097,18,53,0.0
1098,18,54,6.0
1099,18,55,8.0
1100,18,56,0.0
1101,18,57,2.0
1102,19,0,3.0
1103,19,1,26.0
1104,19,2,34.0
1105,19,3,90.0
1106,19,4,9.0
1107,19,5,178.0
1108,19,6,45.0
1109,19,7,34.0
1110,19,8,14.0
1111,19,9,52.0
1112,19,10,0.0
1113,19,11,20.0
1114,19,12,24.0
1115,19,13,2.0
1116,19,14,332.0
1117,19,15,40.0
1118,19,16,41.0
1119,19,17,10.0
1120,19,18,29.0
1121,19,19,0.0
1122,19,20,121.0
1123,19,21,85.0
1124,19,22,18.0
1125,19,23,46.0
1126,19,24,33.0
1127,19,25,18.0
1128,19,26,19.0
1129,19,27,0.0
1130,19,28,17.0
1131,19,29,17.0
1132,19,30,1.0
1133,19,31,0.0
1134,19,32,0.0
1135,19,33,15.0
1136,19,34,16.0
1137,19,35,0.0
1138,19,36,22.0
1139,19,37,1.0
1140,19,38,0.0
1141,19,39,33.0
1142,19,40,13.0
1143,19,41,86.0
1144,19,42,0.0
1145,19,43,8.0
1146,19,44,91.0
1147,19,45,32.0
1148,19,46,11.0
1149,19,47,0.0
1150,19,48,0.0
1151,19,49,27.0
1152,19,50,0.0
1153,19,51,4.0
1154,19,52,19.0
1155,19,53,0.0
1156,19,54,14.0
1157,19,55,13.0
1158,19,56,0.0
1159,19,57,6.0
1160,20,0,6.0
1161,20,1,26.0
1162,20,2,30.0
1163,20,3,23.0
1164,20,4,5.0
1165,20,5,194.0
1166,20,6,32.0
1167,20,7,55.0
1168,20,8,12.0
1169,20,9,32.0
1170,20,10,0.0
1171,20,11,20.0
1172,20,12,13.0
1173,20,13,0.0
1174,20,14,217.0
1175,20,15,36.0
1176,20,16,22.0
1177,20,17,7.0
1178,20,18,15.0
1179,20,19,121.0
1180,20,20,0.0
1181,20,21,48.0
1182,20,22,7.0
1183,20,23,39.0
1184,20,24,30.0
1185,20,25,21.0
1186,20,26,19.0
1187,20,27,0.0
1188,20,28,18.0
1189,20,29,18.0
1190,20,30,0.0
1191,20,31,0.0
1192,20,32,0.0
1193,20,33,11.0
1194,20,34,7.0
1195,20,35,0.0
1196,20,36,13.0
1197,20,37,0.0
1198,20,38,0.0
1199,20,39,26.0
1200,20,40,15.0
1201,20,41,40.0
1202,20,42,0.0
1203,20,43,6.0
1204,20,44,23.0
1205,20,45,23.0
1206,20,46,5.0
1207,20,47,0.0
1208,20,48,0.0
1209,20,49,15.0
1210,20,50,0.0
1211,20,51,1.0
1212,20,52,7.0
1213,20,53,0.0
1214,20,54,18.0
1215,20,55,9.0
1216,20,56,0.0
1217,20,57,3.0
1218,21,0,0.0
1219,21,1,16.0
1220,21,2,15.0
1221,21,3,15.0
1222,21,4,4.0
1223,21,5,67.0
1224,21,6,18.0
1225,21,7,11.0
1226,21,8,8.0
1227,21,9,21.0
1228,21,10,0.0
1229,21,11,16.0
1230,21,12,7.0
1231,21,13,0.0
1232,21,14,152.0
1233,21,15,24.0
1234,21,16,18.0
1235,21,17,8.0
1236,21,18,12.0
1237,21,19,85.0
1238,21,20,48.0
1239,21,21,0.0
1240,21,22,9.0
1241,21,23,18.0
1242,21,24,21.0
1243,21,25,15.0
1244,21,26,8.0
1245,21,27,0.0
1246,21,28,8.0
1247,21,29,15.0
1248,21,30,0.0
1249,21,31,0.0
1250,21,32,0.0
1251,21,33,2.0
1252,21,34,4.0
1253,21,35,0.0
1254,21,36,7.0
1255,21,37,0.0
1256,21,38,0.0
1257,21,39,13.0
1258,21,40,7.0
1259,21,41,44.0
1260,21,42,0.0
1261,21,43,4.0
1262,21,44,13.0
1263,21,45,10.0
1264,21,46,3.0
1265,21,47,0.0
1266,21,48,0.0
1267,21,49,7.0
1268,21,50,0.0
1269,21,51,0.0
1270,21,52,13.0
1271,21,53,0.0
1272,21,54,17.0
1273,21,55,7.0
1274,21,56,0.0
1275,21,57,3.0
1276,22,0,0.0
1277,22,1,11.0
1278,22,2,8.0
1279,22,3,7.0
1280,22,4,3.0
1281,22,5,42.0
1282,22,6,9.0
1283,22,7,3.0
1284,22,8,2.0
1285,22,9,45.0
1286,22,10,0.0
1287,22,11,2.0
1288,22,12,6.0
1289,22,13,0.0
1290,22,14,95.0
1291,22,15,19.0
1292,22,16,14.0
1293,22,17,4.0
1294,22,18,3.0
1295,22,19,18.0
1296,22,20,7.0
1297,22,21,9.0
1298,22,22,0.0
1299,22,23,66.0
1300,22,24,15.0
1301,22,25,14.0
1302,22,26,7.0
1303,22,27,0.0
1304,22,28,5.0
1305,22,29,5.0
1306,22,30,0.0
1307,22,31,0.0
1308,22,32,0.0
1309,22,33,5.0
1310,22,34,9.0
1311,22,35,0.0
1312,22,36,8.0
1313,22,37,0.0
1314,22,38,0.0
1315,22,39,9.0
1316,22,40,11.0
1317,22,41,13.0
1318,22,42,0.0
1319,22,43,3.0
1320,22,44,4.0
1321,22,45,9.0
1322,22,46,3.0
1323,22,47,0.0
1324,22,48,0.0
1325,22,49,2.0
1326,22,50,0.0
1327,22,51,2.0
1328,22,52,4.0
1329,22,53,0.0
1330,22,54,11.0
1331,22,55,1.0
1332,22,56,0.0
1333,22,57,1.0
1334,23,0,7.0
1335,23,1,29.0
1336,23,2,35.0
1337,23,3,19.0
1338,23,4,10.0
1339,23,5,203.0
1340,23,6,49.0
1341,23,7,10.0
1342,23,8,21.0
1343,23,9,38.0
1344,23,10,0.0
1345,23,11,3.0
1346,23,12,23.0
1347,23,13,2.0
1348,23,14,399.0
1349,23,15,50.0
1350,23,16,56.0
1351,23,17,10.0
1352,23,18,8.0
1353,23,19,46.0
1354,23,20,39.0
1355,23,21,18.0
1356,23,22,66.0
1357,23,23,0.0
1358,23,24,36.0
1359,23,25,40.0
1360,23,26,17.0
1361,23,27,0.0
1362,23,28,13.0
1363,23,29,14.0
1364,23,30,0.0
1365,23,31,0.0
1366,23,32,0.0
1367,23,33,19.0
1368,23,34,10.0
1369,23,35,0.0
1370,23,36,22.0
1371,23,37,0.0
1372,23,38,0.0
1373,23,39,29.0
1374,23,40,30.0
1375,23,41,41.0
1376,23,42,0.0
1377,23,43,4.0
1378,23,44,30.0
1379,23,45,35.0
1380,23,46,13.0
1381,23,47,0.0
1382,23,48,0.0
1383,23,49,13.0
1384,23,50,0.0
1385,23,51,4.0
1386,23,52,23.0
1387,23,53,0.0
1388,23,54,35.0
1389,23,55,17.0
1390,23,56,0.0
1391,23,57,13.0
1392,24,0,5.0
1393,24,1,58.0
1394,24,2,25.0
1395,24,3,21.0
1396,24,4,3.0
1397,24,5,250.0
1398,24,6,48.0
1399,24,7,11.0
1400,24,8,79.0
1401,24,9,25.0
1402,24,10,0.0
1403,24,11,59.0
1404,24,12,97.0
1405,24,13,0.0
1406,24,14,272.0
1407,24,15,36.0
1408,24,16,23.0
1409,24,17,6.0
1410,24,18,28.0
1411,24,19,33.0
1412,24,20,30.0
1413,24,21,21.0
1414,24,22,15.0
1415,24,23,36.0
1416,24,24,0.0
1417,24,25,13.0
1418,24,26,140.0
1419,24,27,0.0
1420,24,28,4.0
1421,24,29,111.0
1422,24,30,0.0
1423,24,31,0.0
1424,24,32,0.0
1425,24,33,9.0
1426,24,34,9.0
1427,24,35,0.0
1428,24,36,26.0
1429,24,37,0.0
1430,24,38,0.0
1431,24,39,34.0
1432,24,40,5.0
1433,24,41,54.0
1434,24,42,0.0
1435,24,43,70.0
1436,24,44,13.0
1437,24,45,17.0
1438,24,46,5.0
1439,24,47,0.0
1440,24,48,0.0
1441,24,49,44.0
1442,24,50,0.0
1443,24,51,0.0
1444,24,52,75.0
1445,24,53,0.0
1446,24,54,16.0
1447,24,55,62.0
1448,24,56,0.0
1449,24,57,4.0
1450,25,0,5.0
1451,25,1,20.0
1452,25,2,11.0
1453,25,3,5.0
1454,25,4,3.0
1455,25,5,92.0
1456,25,6,20.0
1457,25,7,7.0
1458,25,8,11.0
1459,25,9,56.0
1460,25,10,0.0
1461,25,11,5.0
1462,25,12,6.0
1463,25,13,0.0
1464,25,14,272.0
1465,25,15,33.0
1466,25,16,39.0
1467,25,17,11.0
1468,25,18,1.0
1469,25,19,18.0
1470,25,20,21.0
1471,25,21,15.0
1472,25,22,14.0
1473,25,23,40.0
1474,25,24,13.0
1475,25,25,0.0
1476,25,26,9.0
1477,25,27,0.0
1478,25,28,6.0
1479,25,29,16.0
1480,25,30,0.0
1481,25,31,0.0
1482,25,32,0.0
1483,25,33,13.0
1484,25,34,4.0
1485,25,35,0.0
1486,25,36,9.0
1487,25,37,0.0
1488,25,38,0.0
1489,25,39,25.0
1490,25,40,8.0
1491,25,41,16.0
1492,25,42,0.0
1493,25,43,2.0
1494,25,44,12.0
1495,25,45,32.0
1496,25,46,5.0
1497,25,47,0.0
1498,25,48,0.0
1499,25,49,10.0
1500,25,50,0.0
1501,25,51,2.0
1502,25,52,9.0
1503,25,53,0.0
1504,25,54,23.0
1505,25,55,0.0
1506,25,56,0.0
1507,25,57,2.0
1508,26,0,4.0
1509,26,1,32.0
1510,26,2,9.0
1511,26,3,14.0
1512,26,4,1.0
1513,26,5,56.0
1514,26,6,21.0
1515,26,7,3.0
1516,26,8,19.0
1517,26,9,11.0
1518,26,10,0.0
1519,26,11,9.0
1520,26,12,26.0
1521,26,13,0.0
1522,26,14,104.0
1523,26,15,23.0
1524,26,16,19.0
1525,26,17,2.0
1526,26,18,31.0
1527,26,19,19.0
1528,26,20,19.0
1529,26,21,8.0
1530,26,22,7.0
1531,26,23,17.0
1532,26,24,140.0
1533,26,25,9.0
1534,26,26,0.0
1535,26,27,0.0
1536,26,28,3.0
1537,26,29,34.0
1538,26,30,0.0
1539,26,31,0.0
1540,26,32,0.0
1541,26,33,9.0
1542,26,34,12.0
1543,26,35,0.0
1544,26,36,18.0
1545,26,37,0.0
1546,26,38,0.0
1547,26,39,10.0
1548,26,40,7.0
1549,26,41,18.0
1550,26,42,0.0
1551,26,43,13.0
1552,26,44,4.0
1553,26,45,10.0
1554,26,46,2.0
1555,26,47,0.0
1556,26,48,0.0
1557,26,49,22.0
1558,26,50,0.0
1559,26,51,1.0
1560,26,52,17.0
1561,26,53,0.0
1562,26,54,5.0
1563,26,55,20.0
1564,26,56,0.0
1565,26,57,3.0
1566,27,0,0.0
1567,27,1,0.0
1568,27,2,0.0
1569,27,3,0.0
1570,27,4,0.0
1571,27,5,0.0
1572,27,6,0.0
1573,27,7,0.0
1574,27,8,0.0
1575,27,9,0.0
1576,27,10,0.0
1577,27,11,0.0
1578,27,12,0.0
1579,27,13,0.0
1580,27,14,1.0
1581,27,15,0.0
1582,27,16,0.0
1583,27,17,0.0
1584,27,18,0.0
1585,27,19,0.0
1586,27,20,0.0
1587,27,21,0.0
1588,27,22,0.0
1589,27,23,0.0
1590,27,24,0.0
1591,27,25,0.0
1592,27,26,0.0
1593,27,27,0.0
1594,27,28,0.0
1595,27,29,0.0
1596,27,30,0.0
1597,27,31,0.0
1598,27,32,0.0
1599,27,33,0.0
1600,27,34,0.0
1601,27,35,0.0
1602,27,36,0.0
1603,27,37,0.0
1604,27,38,0.0
1605,27,39,0.0
1606,27,40,0.0
1607,27,41,0.0
1608,27,42,0.0
1609,27,43,0.0
1610,27,44,0.0
1611,27,45,0.0
1612,27,46,0.0
1613,27,47,0.0
1614,27,48,0.0
1615,27,49,0.0
1616,27,50,0.0
1617,27,51,0.0
1618,27,52,0.0
1619,27,53,0.0
1620,27,54,0.0
1621,27,55,0.0
1622,27,56,0.0
1623,27,57,0.0
1624,28,0,1.0
1625,28,1,6.0
1626,28,2,4.0
1627,28,3,7.0
1628,28,4,1.0
1629,28,5,38.0
1630,28,6,11.0
1631,28,7,17.0
1632,28,8,2.0
1633,28,9,21.0
1634,28,10,0.0
1635,28,11,8.0
1636,28,12,2.0
1637,28,13,0.0
1638,28,14,108.0
1639,28,15,19.0
1640,28,16,11.0
1641,28,17,4.0
1642,28,18,5.0
1643,28,19,17.0
1644,28,20,18.0
1645,28,21,8.0
1646,28,22,5.0
1647,28,23,13.0
1648,28,24,4.0
1649,28,25,6.0
1650,28,26,3.0
1651,28,27,0.0
1652,28,28,0.0
1653,28,29,4.0
1654,28,30,0.0
1655,28,31,0.0
1656,28,32,0.0
1657,28,33,7.0
1658,28,34,4.0
1659,28,35,0.0
1660,28,36,4.0
1661,28,37,0.0
1662,28,38,0.0
1663,28,39,7.0
1664,28,40,4.0
1665,28,41,10.0
1666,28,42,0.0
1667,28,43,2.0
1668,28,44,5.0
1669,28,45,19.0
1670,28,46,7.0
1671,28,47,0.0
1672,28,48,0.0
1673,28,49,6.0
1674,28,50,0.0
1675,28,51,2.0
1676,28,52,2.0
1677,28,53,0.0
1678,28,54,3.0
1679,28,55,4.0
1680,28,56,0.0
1681,28,57,2.0
1682,29,0,4.0
1683,29,1,71.0
1684,29,2,41.0
1685,29,3,8.0
1686,29,4,3.0
1687,29,5,65.0
1688,29,6,34.0
1689,29,7,3.0
1690,29,8,61.0
1691,29,9,18.0
1692,29,10,0.0
1693,29,11,249.0
1694,29,12,22.0
1695,29,13,0.0
1696,29,14,147.0
1697,29,15,12.0
1698,29,16,23.0
1699,29,17,2.0
1700,29,18,18.0
1701,29,19,17.0
1702,29,20,18.0
1703,29,21,15.0
1704,29,22,5.0
1705,29,23,14.0
1706,29,24,111.0
1707,29,25,16.0
1708,29,26,34.0
1709,29,27,0.0
1710,29,28,4.0
1711,29,29,0.0
1712,29,30,0.0
1713,29,31,0.0
1714,29,32,0.0
1715,29,33,9.0
1716,29,34,10.0
1717,29,35,0.0
1718,29,36,26.0
1719,29,37,0.0
1720,29,38,0.0
1721,29,39,21.0
1722,29,40,17.0
1723,29,41,20.0
1724,29,42,0.0
1725,29,43,19.0
1726,29,44,5.0
1727,29,45,9.0
1728,29,46,5.0
1729,29,47,0.0
1730,29,48,0.0
1731,29,49,23.0
1732,29,50,0.0
1733,29,51,3.0
1734,29,52,25.0
1735,29,53,0.0
1736,29,54,6.0
1737,29,55,27.0
1738,29,56,0.0
1739,29,57,1.0
1740,30,0,0.0
1741,30,1,0.0
1742,30,2,1.0
1743,30,3,1.0
1744,30,4,0.0
1745,30,5,0.0
1746,30,6,1.0
1747,30,7,0.0
1748,30,8,0.0
1749,30,9,0.0
1750,30,10,0.0
1751,30,11,0.0
1752,30,12,1.0
1753,30,13,0.0
1754,30,14,23.0
1755,30,15,2.0
1756,30,16,2.0
1757,30,17,0.0
1758,30,18,1.0
1759,30,19,1.0
1760,30,20,0.0
1761,30,21,0.0
1762,30,22,0.0
1763,30,23,0.0
1764,30,24,0.0
1765,30,25,0.0
1766,30,26,0.0
1767,30,27,0.0
1768,30,28,0.0
1769,30,29,0.0
1770,30,30,0.0
1771,30,31,0.0
1772,30,32,0.0
1773,30,33,0.0
1774,30,34,0.0
1775,30,35,0.0
1776,30,36,1.0
1777,30,37,0.0
1778,30,38,0.0
1779,30,39,0.0
1780,30,40,0.0
1781,30,41,0.0
1782,30,42,0.0
1783,30,43,0.0
1784,30,44,1.0
1785,30,45,0.0
1786,30,46,0.0
1787,30,47,0.0
1788,30,48,0.0
1789,30,49,0.0
1790,30,50,0.0
1791,30,51,0.0
1792,30,52,1.0
1793,30,53,0.0
1794,30,54,1.0
1795,30,55,0.0
1796,30,56,0.0
1797,30,57,0.0
1798,31,0,0.0
1799,31,1,0.0
1800,31,2,0.0
1801,31,3,0.0
1802,31,4,0.0
1803,31,5,0.0
1804,31,6,0.0
1805,31,7,0.0
1806,31,8,0.0
1807,31,9,0.0
1808,31,10,0.0
1809,31,11,0.0
1810,31,12,0.0
1811,31,13,0.0
1812,31,14,1.0
1813,31,15,0.0
1814,31,16,0.0
1815,31,17,0.0
1816,31,18,0.0
1817,31,19,0.0
1818,31,20,0.0
1819,31,21,0.0
1820,31,22,0.0
1821,31,23,0.0
1822,31,24,0.0
1823,31,25,0.0
1824,31,26,0.0
1825,31,27,0.0
1826,31,28,0.0
1827,31,29,0.0
1828,31,30,0.0
1829,31,31,0.0
1830,31,32,0.0
1831,31,33,0.0
1832,31,34,0.0
1833,31,35,0.0
1834,31,36,0.0
1835,31,37,0.0
1836,31,38,0.0
1837,31,39,0.0
1838,31,40,0.0
1839,31,41,0.0
1840,31,42,0.0
1841,31,43,0.0
1842,31,44,0.0
1843,31,45,0.0
1844,31,46,0.0
1845,31,47,0.0
1846,31,48,0.0
1847,31,49,0.0
1848,31,50,0.0
1849,31,51,0.0
1850,31,52,0.0
1851,31,53,0.0
1852,31,54,0.0
1853,31,55,0.0
1854,31,56,0.0
1855,31,57,0.0
1856,32,0,0.0
1857,32,1,0.0
1858,32,2,0.0
1859,32,3,0.0
1860,32,4,0.0
1861,32,5,0.0
1862,32,6,0.0
1863,32,7,0.0
1864,32,8,0.0
1865,32,9,0.0
1866,32,10,0.0
1867,32,11,0.0
1868,32,12,0.0
1869,32,13,0.0
1870,32,14,1.0
1871,32,15,0.0
1872,32,16,0.0
1873,32,17,0.0
1874,32,18,0.0
1875,32,19,0.0
1876,32,20,0.0
1877,32,21,0.0
1878,32,22,0.0
1879,32,23,0.0
1880,32,24,0.0
1881,32,25,0.0
1882,32,26,0.0
1883,32,27,0.0
1884,32,28,0.0
1885,32,29,0.0
1886,32,30,0.0
1887,32,31,0.0
1888,32,32,0.0
1889,32,33,0.0
1890,32,34,0.0
1891,32,35,0.0
1892,32,36,0.0
1893,32,37,0.0
1894,32,38,0.0
1895,32,39,0.0
1896,32,40,0.0
1897,32,41,0.0
1898,32,42,0.0
1899,32,43,0.0
1900,32,44,0.0
1901,32,45,0.0
1902,32,46,0.0
1903,32,47,0.0
1904,32,48,0.0
1905,32,49,0.0
1906,32,50,0.0
1907,32,51,0.0
1908,32,52,0.0
1909,32,53,0.0
1910,32,54,0.0
1911,32,55,0.0
1912,32,56,0.0
1913,32,57,0.0
1914,33,0,3.0
1915,33,1,11.0
1916,33,2,9.0
1917,33,3,10.0
1918,33,4,2.0
1919,33,5,128.0
1920,33,6,31.0
1921,33,7,8.0
1922,33,8,5.0
1923,33,9,16.0
1924,33,10,0.0
1925,33,11,4.0
1926,33,12,6.0
1927,33,13,0.0
1928,33,14,153.0
1929,33,15,22.0
1930,33,16,15.0
1931,33,17,8.0
1932,33,18,10.0
1933,33,19,15.0
1934,33,20,11.0
1935,33,21,2.0
1936,33,22,5.0
1937,33,23,19.0
1938,33,24,9.0
1939,33,25,13.0
1940,33,26,9.0
1941,33,27,0.0
1942,33,28,7.0
1943,33,29,9.0
1944,33,30,0.0
1945,33,31,0.0
1946,33,32,0.0
1947,33,33,0.0
1948,33,34,11.0
1949,33,35,0.0
1950,33,36,11.0
1951,33,37,0.0
1952,33,38,0.0
1953,33,39,49.0
1954,33,40,27.0
1955,33,41,13.0
1956,33,42,0.0
1957,33,43,2.0
1958,33,44,6.0
1959,33,45,11.0
1960,33,46,8.0
1961,33,47,0.0
1962,33,48,0.0
1963,33,49,16.0
1964,33,50,0.0
1965,33,51,1.0
1966,33,52,7.0
1967,33,53,0.0
1968,33,54,4.0
1969,33,55,3.0
1970,33,56,0.0
1971,33,57,5.0
1972,34,0,4.0
1973,34,1,52.0
1974,34,2,9.0
1975,34,3,2.0
1976,34,4,3.0
1977,34,5,80.0
1978,34,6,14.0
1979,34,7,5.0
1980,34,8,7.0
1981,34,9,7.0
1982,34,10,0.0
1983,34,11,3.0
1984,34,12,8.0
1985,34,13,0.0
1986,34,14,119.0
1987,34,15,11.0
1988,34,16,41.0
1989,34,17,6.0
1990,34,18,2.0
1991,34,19,16.0
1992,34,20,7.0
1993,34,21,4.0
1994,34,22,9.0
1995,34,23,10.0
1996,34,24,9.0
1997,34,25,4.0
1998,34,26,12.0
1999,34,27,0.0
2000,34,28,4.0
2001,34,29,10.0
2002,34,30,0.0
2003,34,31,0.0
2004,34,32,0.0
2005,34,33,11.0
2006,34,34,0.0
2007,34,35,0.0
2008,34,36,9.0
2009,34,37,0.0
2010,34,38,0.0
2011,34,39,22.0
2012,34,40,12.0
2013,34,41,9.0
2014,34,42,0.0
2015,34,43,4.0
2016,34,44,8.0
2017,34,45,12.0
2018,34,46,5.0
2019,34,47,0.0
2020,34,48,0.0
2021,34,49,10.0
2022,34,50,0.0
2023,34,51,2.0
2024,34,52,3.0
2025,34,53,0.0
2026,34,54,7.0
2027,34,55,6.0
2028,34,56,0.0
2029,34,57,0.0
2030,35,0,0.0
2031,35,1,0.0
2032,35,2,0.0
2033,35,3,0.0
2034,35,4,0.0
2035,35,5,0.0
2036,35,6,0.0
2037,35,7,0.0
2038,35,8,0.0
2039,35,9,0.0
2040,35,10,0.0
2041,35,11,0.0
2042,35,12,0.0
2043,35,13,0.0
2044,35,14,1.0
2045,35,15,0.0
2046,35,16,0.0
2047,35,17,0.0
2048,35,18,0.0
2049,35,19,0.0
2050,35,20,0.0
2051,35,21,0.0
2052,35,22,0.0
2053,35,23,0.0
2054,35,24,0.0
2055,35,25,0.0
2056,35,26,0.0
2057,35,27,0.0
2058,35,28,0.0
2059,35,29,0.0
2060,35,30,0.0
2061,35,31,0.0
2062,35,32,0.0
2063,35,33,0.0
2064,35,34,0.0
2065,35,35,0.0
2066,35,36,0.0
2067,35,37,0.0
2068,35,38,0.0
2069,35,39,0.0
2070,35,40,0.0
2071,35,41,0.0
2072,35,42,0.0
2073,35,43,0.0
2074,35,44,0.0
2075,35,45,0.0
2076,35,46,0.0
2077,35,47,0.0
2078,35,48,0.0
2079,35,49,0.0
2080,35,50,0.0
2081,35,51,0.0
2082,35,52,0.0
2083,35,53,0.0
2084,35,54,0.0
2085,35,55,0.0
2086,35,56,0.0
2087,35,57,0.0
2088,36,0,1.0
2089,36,1,24.0
2090,36,2,11.0
2091,36,3,15.0
2092,36,4,4.0
2093,36,5,114.0
2094,36,6,116.0
2095,36,7,4.0
2096,36,8,30.0
2097,36,9,15.0
2098,36,10,0.0
2099,36,11,6.0
2100,36,12,39.0
2101,36,13,0.0
2102,36,14,141.0
2103,36,15,44.0
2104,36,16,13.0
2105,36,17,5.0
2106,36,18,20.0
2107,36,19,22.0
2108,36,20,13.0
2109,36,21,7.0
2110,36,22,8.0
2111,36,23,22.0
2112,36,24,26.0
2113,36,25,9.0
2114,36,26,18.0
2115,36,27,0.0
2116,36,28,4.0
2117,36,29,26.0
2118,36,30,1.0
2119,36,31,0.0
2120,36,32,0.0
2121,36,33,11.0
2122,36,34,9.0
2123,36,35,0.0
2124,36,36,0.0
2125,36,37,0.0
2126,36,38,0.0
2127,36,39,28.0
2128,36,40,9.0
2129,36,41,29.0
2130,36,42,0.0
2131,36,43,14.0
2132,36,44,9.0
2133,36,45,15.0
2134,36,46,4.0
2135,36,47,0.0
2136,36,48,0.0
2137,36,49,43.0
2138,36,50,0.0
2139,36,51,2.0
2140,36,52,53.0
2141,36,53,0.0
2142,36,54,6.0
2143,36,55,17.0
2144,36,56,0.0
2145,36,57,0.0
2146,37,0,0.0
2147,37,1,0.0
2148,37,2,0.0
2149,37,3,0.0
2150,37,4,0.0
2151,37,5,0.0
2152,37,6,0.0
2153,37,7,0.0
2154,37,8,0.0
2155,37,9,0.0
2156,37,10,0.0
2157,37,11,0.0
2158,37,12,0.0
2159,37,13,0.0
2160,37,14,3.0
2161,37,15,0.0
2162,37,16,0.0
2163,37,17,0.0
2164,37,18,0.0
2165,37,19,1.0
2166,37,20,0.0
2167,37,21,0.0
2168,37,22,0.0
2169,37,23,0.0
2170,37,24,0.0
2171,37,25,0.0
2172,37,26,0.0
2173,37,27,0.0
2174,37,28,0.0
2175,37,29,0.0
2176,37,30,0.0
2177,37,31,0.0
2178,37,32,0.0
2179,37,33,0.0
2180,37,34,0.0
2181,37,35,0.0
2182,37,36,0.0
2183,37,37,0.0
2184,37,38,0.0
2185,37,39,0.0
2186,37,40,0.0
2187,37,41,0.0
2188,37,42,0.0
2189,37,43,0.0
2190,37,44,0.0
2191,37,45,0.0
2192,37,46,0.0
2193,37,47,0.0
2194,37,48,0.0
2195,37,49,0.0
2196,37,50,0.0
2197,37,51,0.0
2198,37,52,0.0
2199,37,53,0.0
2200,37,54,0.0
2201,37,55,0.0
2202,37,56,0.0
2203,37,57,0.0
2204,38,0,0.0
2205,38,1,0.0
2206,38,2,0.0
2207,38,3,0.0
2208,38,4,0.0
2209,38,5,0.0
2210,38,6,0.0
2211,38,7,0.0
2212,38,8,0.0
2213,38,9,0.0
2214,38,10,0.0
2215,38,11,0.0
2216,38,12,0.0
2217,38,13,0.0
2218,38,14,1.0
2219,38,15,0.0
2220,38,16,0.0
2221,38,17,0.0
2222,38,18,0.0
2223,38,19,0.0
2224,38,20,0.0
2225,38,21,0.0
2226,38,22,0.0
2227,38,23,0.0
2228,38,24,0.0
2229,38,25,0.0
2230,38,26,0.0
2231,38,27,0.0
2232,38,28,0.0
2233,38,29,0.0
2234,38,30,0.0
2235,38,31,0.0
2236,38,32,0.0
2237,38,33,0.0
2238,38,34,0.0
2239,38,35,0.0
2240,38,36,0.0
2241,38,37,0.0
2242,38,38,0.0
2243,38,39,0.0
2244,38,40,0.0
2245,38,41,0.0
2246,38,42,0.0
2247,38,43,0.0
2248,38,44,0.0
2249,38,45,0.0
2250,38,46,0.0
2251,38,47,0.0
2252,38,48,0.0
2253,38,49,0.0
2254,38,50,0.0
2255,38,51,0.0
2256,38,52,0.0
2257,38,53,0.0
2258,38,54,0.0
2259,38,55,0.0
2260,38,56,0.0
2261,38,57,0.0
2262,39,0,4.0
2263,39,1,27.0
2264,39,2,18.0
2265,39,3,16.0
2266,39,4,7.0
2267,39,5,114.0
2268,39,6,115.0
2269,39,7,10.0
2270,39,8,19.0
2271,39,9,24.0
2272,39,10,0.0
2273,39,11,7.0
2274,39,12,26.0
2275,39,13,0.0
2276,39,14,265.0
2277,39,15,31.0
2278,39,16,54.0
2279,39,17,17.0
2280,39,18,14.0
2281,39,19,33.0
2282,39,20,26.0
2283,39,21,13.0
2284,39,22,9.0
2285,39,23,29.0
2286,39,24,34.0
2287,39,25,25.0
2288,39,26,10.0
2289,39,27,0.0
2290,39,28,7.0
2291,39,29,21.0
2292,39,30,0.0
2293,39,31,0.0
2294,39,32,0.0
2295,39,33,49.0
2296,39,34,22.0
2297,39,35,0.0
2298,39,36,28.0
2299,39,37,0.0
2300,39,38,0.0
2301,39,39,0.0
2302,39,40,23.0
2303,39,41,30.0
2304,39,42,0.0
2305,39,43,6.0
2306,39,44,9.0
2307,39,45,15.0
2308,39,46,13.0
2309,39,47,0.0
2310,39,48,0.0
2311,39,49,33.0
2312,39,50,0.0
2313,39,51,4.0
2314,39,52,20.0
2315,39,53,0.0
2316,39,54,9.0
2317,39,55,8.0
2318,39,56,0.0
2319,39,57,2.0
2320,40,0,0.0
2321,40,1,13.0
2322,40,2,12.0
2323,40,3,7.0
2324,40,4,2.0
2325,40,5,117.0
2326,40,6,25.0
2327,40,7,4.0
2328,40,8,6.0
2329,40,9,17.0
2330,40,10,0.0
2331,40,11,4.0
2332,40,12,9.0
2333,40,13,0.0
2334,40,14,221.0
2335,40,15,25.0
2336,40,16,55.0
2337,40,17,10.0
2338,40,18,4.0
2339,40,19,13.0
2340,40,20,15.0
2341,40,21,7.0
2342,40,22,11.0
2343,40,23,30.0
2344,40,24,5.0
2345,40,25,8.0
2346,40,26,7.0
2347,40,27,0.0
2348,40,28,4.0
2349,40,29,17.0
2350,40,30,0.0
2351,40,31,0.0
2352,40,32,0.0
2353,40,33,27.0
2354,40,34,12.0
2355,40,35,0.0
2356,40,36,9.0
2357,40,37,0.0
2358,40,38,0.0
2359,40,39,23.0
2360,40,40,0.0
2361,40,41,11.0
2362,40,42,0.0
2363,40,43,2.0
2364,40,44,8.0
2365,40,45,17.0
2366,40,46,11.0
2367,40,47,0.0
2368,40,48,0.0
2369,40,49,5.0
2370,40,50,0.0
2371,40,51,1.0
2372,40,52,15.0
2373,40,53,0.0
2374,40,54,12.0
2375,40,55,1.0
2376,40,56,0.0
2377,40,57,1.0
2378,41,0,4.0
2379,41,1,17.0
2380,41,2,29.0
2381,41,3,69.0
2382,41,4,5.0
2383,41,5,95.0
2384,41,6,29.0
2385,41,7,13.0
2386,41,8,13.0
2387,41,9,30.0
2388,41,10,0.0
2389,41,11,16.0
2390,41,12,19.0
2391,41,13,0.0
2392,41,14,210.0
2393,41,15,20.0
2394,41,16,41.0
2395,41,17,6.0
2396,41,18,53.0
2397,41,19,86.0
2398,41,20,40.0
2399,41,21,44.0
2400,41,22,13.0
2401,41,23,41.0
2402,41,24,54.0
2403,41,25,16.0
2404,41,26,18.0
2405,41,27,0.0
2406,41,28,10.0
2407,41,29,20.0
2408,41,30,0.0
2409,41,31,0.0
2410,41,32,0.0
2411,41,33,13.0
2412,41,34,9.0
2413,41,35,0.0
2414,41,36,29.0
2415,41,37,0.0
2416,41,38,0.0
2417,41,39,30.0
2418,41,40,11.0
2419,41,41,0.0
2420,41,42,0.0
2421,41,43,11.0
2422,41,44,32.0
2423,41,45,14.0
2424,41,46,7.0
2425,41,47,0.0
2426,41,48,0.0
2427,41,49,19.0
2428,41,50,0.0
2429,41,51,4.0
2430,41,52,10.0
2431,41,53,0.0
2432,41,54,9.0
2433,41,55,10.0
2434,41,56,0.0
2435,41,57,3.0
2436,42,0,0.0
2437,42,1,0.0
2438,42,2,0.0
2439,42,3,0.0
2440,42,4,0.0
2441,42,5,1.0
2442,42,6,0.0
2443,42,7,0.0
2444,42,8,0.0
2445,42,9,0.0
2446,42,10,0.0
2447,42,11,0.0
2448,42,12,0.0
2449,42,13,0.0
2450,42,14,1.0
2451,42,15,0.0
2452,42,16,0.0
2453,42,17,0.0
2454,42,18,0.0
2455,42,19,0.0
2456,42,20,0.0
2457,42,21,0.0
2458,42,22,0.0
2459,42,23,0.0
2460,42,24,0.0
2461,42,25,0.0
2462,42,26,0.0
2463,42,27,0.0
2464,42,28,0.0
2465,42,29,0.0
2466,42,30,0.0
2467,42,31,0.0
2468,42,32,0.0
2469,42,33,0.0
2470,42,34,0.0
2471,42,35,0.0
2472,42,36,0.0
2473,42,37,0.0
2474,42,38,0.0
2475,42,39,0.0
2476,42,40,0.0
2477,42,41,0.0
2478,42,42,0.0
2479,42,43,0.0
2480,42,44,0.0
2481,42,45,0.0
2482,42,46,0.0
2483,42,47,0.0
2484,42,48,0.0
2485,42,49,0.0
2486,42,50,0.0
2487,42,51,0.0
2488,42,52,0.0
2489,42,53,0.0
2490,42,54,0.0
2491,42,55,0.0
2492,42,56,0.0
2493,42,57,0.0
2494,43,0,0.0
2495,43,1,8.0
2496,43,2,6.0
2497,43,3,4.0
2498,43,4,2.0
2499,43,5,22.0
2500,43,6,5.0
2501,43,7,4.0
2502,43,8,9.0
2503,43,9,5.0
2504,43,10,0.0
2505,43,11,21.0
2506,43,12,71.0
2507,43,13,0.0
2508,43,14,52.0
2509,43,15,4.0
2510,43,16,4.0
2511,43,17,2.0
2512,43,18,3.0
2513,43,19,8.0
2514,43,20,6.0
2515,43,21,4.0
2516,43,22,3.0
2517,43,23,4.0
2518,43,24,70.0
2519,43,25,2.0
2520,43,26,13.0
2521,43,27,0.0
2522,43,28,2.0
2523,43,29,19.0
2524,43,30,0.0
2525,43,31,0.0
2526,43,32,0.0
2527,43,33,2.0
2528,43,34,4.0
2529,43,35,0.0
2530,43,36,14.0
2531,43,37,0.0
2532,43,38,0.0
2533,43,39,6.0
2534,43,40,2.0
2535,43,41,11.0
2536,43,42,0.0
2537,43,43,0.0
2538,43,44,1.0
2539,43,45,1.0
2540,43,46,2.0
2541,43,47,0.0
2542,43,48,0.0
2543,43,49,11.0
2544,43,50,0.0
2545,43,51,1.0
2546,43,52,74.0
2547,43,53,0.0
2548,43,54,1.0
2549,43,55,37.0
2550,43,56,0.0
2551,43,57,1.0
2552,44,0,2.0
2553,44,1,12.0
2554,44,2,22.0
2555,44,3,10.0
2556,44,4,1.0
2557,44,5,55.0
2558,44,6,13.0
2559,44,7,15.0
2560,44,8,7.0
2561,44,9,25.0
2562,44,10,0.0
2563,44,11,8.0
2564,44,12,6.0
2565,44,13,0.0
2566,44,14,118.0
2567,44,15,10.0
2568,44,16,13.0
2569,44,17,6.0
2570,44,18,7.0
2571,44,19,91.0
2572,44,20,23.0
2573,44,21,13.0
2574,44,22,4.0
2575,44,23,30.0
2576,44,24,13.0
2577,44,25,12.0
2578,44,26,4.0
2579,44,27,0.0
2580,44,28,5.0
2581,44,29,5.0
2582,44,30,1.0
2583,44,31,0.0
2584,44,32,0.0
2585,44,33,6.0
2586,44,34,8.0
2587,44,35,0.0
2588,44,36,9.0
2589,44,37,0.0
2590,44,38,0.0
2591,44,39,9.0
2592,44,40,8.0
2593,44,41,32.0
2594,44,42,0.0
2595,44,43,1.0
2596,44,44,0.0
2597,44,45,10.0
2598,44,46,3.0
2599,44,47,0.0
2600,44,48,0.0
2601,44,49,11.0
2602,44,50,0.0
2603,44,51,1.0
2604,44,52,8.0
2605,44,53,0.0
2606,44,54,13.0
2607,44,55,4.0
2608,44,56,0.0
2609,44,57,3.0
2610,45,0,3.0
2611,45,1,25.0
2612,45,2,29.0
2613,45,3,12.0
2614,45,4,1.0
2615,45,5,93.0
2616,45,6,16.0
2617,45,7,9.0
2618,45,8,6.0
2619,45,9,17.0
2620,45,10,0.0
2621,45,11,7.0
2622,45,12,9.0
2623,45,13,0.0
2624,45,14,238.0
2625,45,15,46.0
2626,45,16,41.0
2627,45,17,10.0
2628,45,18,3.0
2629,45,19,32.0
2630,45,20,23.0
2631,45,21,10.0
2632,45,22,9.0
2633,45,23,35.0
2634,45,24,17.0
2635,45,25,32.0
2636,45,26,10.0
2637,45,27,0.0
2638,45,28,19.0
2639,45,29,9.0
2640,45,30,0.0
2641,45,31,0.0
2642,45,32,0.0
2643,45,33,11.0
2644,45,34,12.0
2645,45,35,0.0
2646,45,36,15.0
2647,45,37,0.0
2648,45,38,0.0
2649,45,39,15.0
2650,45,40,17.0
2651,45,41,14.0
2652,45,42,0.0
2653,45,43,1.0
2654,45,44,10.0
2655,45,45,0.0
2656,45,46,7.0
2657,45,47,0.0
2658,45,48,0.0
2659,45,49,6.0
2660,45,50,0.0
2661,45,51,3.0
2662,45,52,9.0
2663,45,53,0.0
2664,45,54,15.0
2665,45,55,6.0
2666,45,56,0.0
2667,45,57,3.0
2668,46,0,1.0
2669,46,1,8.0
2670,46,2,7.0
2671,46,3,3.0
2672,46,4,1.0
2673,46,5,43.0
2674,46,6,10.0
2675,46,7,3.0
2676,46,8,4.0
2677,46,9,3.0
2678,46,10,0.0
2679,46,11,2.0
2680,46,12,5.0
2681,46,13,0.0
2682,46,14,107.0
2683,46,15,14.0
2684,46,16,13.0
2685,46,17,2.0
2686,46,18,0.0
2687,46,19,11.0
2688,46,20,5.0
2689,46,21,3.0
2690,46,22,3.0
2691,46,23,13.0
2692,46,24,5.0
2693,46,25,5.0
2694,46,26,2.0
2695,46,27,0.0
2696,46,28,7.0
2697,46,29,5.0
2698,46,30,0.0
2699,46,31,0.0
2700,46,32,0.0
2701,46,33,8.0
2702,46,34,5.0
2703,46,35,0.0
2704,46,36,4.0
2705,46,37,0.0
2706,46,38,0.0
2707,46,39,13.0
2708,46,40,11.0
2709,46,41,7.0
2710,46,42,0.0
2711,46,43,2.0
2712,46,44,3.0
2713,46,45,7.0
2714,46,46,0.0
2715,46,47,0.0
2716,46,48,0.0
2717,46,49,6.0
2718,46,50,0.0
2719,46,51,1.0
2720,46,52,5.0
2721,46,53,0.0
2722,46,54,5.0
2723,46,55,1.0
2724,46,56,0.0
2725,46,57,3.0
2726,47,0,0.0
2727,47,1,0.0
2728,47,2,0.0
2729,47,3,0.0
2730,47,4,0.0
2731,47,5,0.0
2732,47,6,0.0
2733,47,7,0.0
2734,47,8,0.0
2735,47,9,0.0
2736,47,10,0.0
2737,47,11,0.0
2738,47,12,0.0
2739,47,13,0.0
2740,47,14,1.0
2741,47,15,0.0
2742,47,16,0.0
2743,47,17,0.0
2744,47,18,0.0
2745,47,19,0.0
2746,47,20,0.0
2747,47,21,0.0
2748,47,22,0.0
2749,47,23,0.0
2750,47,24,0.0
2751,47,25,0.0
2752,47,26,0.0
2753,47,27,0.0
2754,47,28,0.0
2755,47,29,0.0
2756,47,30,0.0
2757,47,31,0.0
2758,47,32,0.0
2759,47,33,0.0
2760,47,34,0.0
2761,47,35,0.0
2762,47,36,0.0
2763,47,37,0.0
2764,47,38,0.0
2765,47,39,0.0
2766,47,40,0.0
2767,47,41,0.0
2768,47,42,0.0
2769,47,43,0.0
2770,47,44,0.0
2771,47,45,0.0
2772,47,46,0.0
2773,47,47,0.0
2774,47,48,0.0
2775,47,49,0.0
2776,47,50,0.0
2777,47,51,0.0
2778,47,52,0.0
2779,47,53,0.0
2780,47,54,0.0
2781,47,55,0.0
2782,47,56,0.0
2783,47,57,0.0
2784,48,0,0.0
2785,48,1,0.0
2786,48,2,0.0
2787,48,3,0.0
2788,48,4,0.0
2789,48,5,0.0
2790,48,6,0.0
2791,48,7,0.0
2792,48,8,0.0
2793,48,9,0.0
2794,48,10,0.0
2795,48,11,0.0
2796,48,12,0.0
2797,48,13,0.0
2798,48,14,1.0
2799,48,15,0.0
2800,48,16,0.0
2801,48,17,0.0
2802,48,18,0.0
2803,48,19,0.0
2804,48,20,0.0
2805,48,21,0.0
2806,48,22,0.0
2807,48,23,0.0
2808,48,24,0.0
2809,48,25,0.0
2810,48,26,0.0
2811,48,27,0.0
2812,48,28,0.0
2813,48,29,0.0
2814,48,30,0.0
2815,48,31,0.0
2816,48,32,0.0
2817,48,33,0.0
2818,48,34,0.0
2819,48,35,0.0
2820,48,36,0.0
2821,48,37,0.0
2822,48,38,0.0
2823,48,39,0.0
2824,48,40,0.0
2825,48,41,0.0
2826,48,42,0.0
2827,48,43,0.0
2828,48,44,0.0
2829,48,45,0.0
2830,48,46,0.0
2831,48,47,0.0
2832,48,48,0.0
2833,48,49,0.0
2834,48,50,0.0
2835,48,51,0.0
2836,48,52,0.0
2837,48,53,0.0
2838,48,54,0.0
2839,48,55,0.0
2840,48,56,0.0
2841,48,57,0.0
2842,49,0,3.0
2843,49,1,24.0
2844,49,2,6.0
2845,49,3,12.0
2846,49,4,5.0
2847,49,5,80.0
2848,49,6,68.0
2849,49,7,11.0
2850,49,8,36.0
2851,49,9,18.0
2852,49,10,0.0
2853,49,11,12.0
2854,49,12,11.0
2855,49,13,0.0
2856,49,14,147.0
2857,49,15,19.0
2858,49,16,19.0
2859,49,17,5.0
2860,49,18,8.0
2861,49,19,27.0
2862,49,20,15.0
2863,49,21,7.0
2864,49,22,2.0
2865,49,23,13.0
2866,49,24,44.0
2867,49,25,10.0
2868,49,26,22.0
2869,49,27,0.0
2870,49,28,6.0
2871,49,29,23.0
2872,49,30,0.0
2873,49,31,0.0
2874,49,32,0.0
2875,49,33,16.0
2876,49,34,10.0
2877,49,35,0.0
2878,49,36,43.0
2879,49,37,0.0
2880,49,38,0.0
2881,49,39,33.0
2882,49,40,5.0
2883,49,41,19.0
2884,49,42,0.0
2885,49,43,11.0
2886,49,44,11.0
2887,49,45,6.0
2888,49,46,6.0
2889,49,47,0.0
2890,49,48,0.0
2891,49,49,0.0
2892,49,50,0.0
2893,49,51,3.0
2894,49,52,15.0
2895,49,53,0.0
2896,49,54,6.0
2897,49,55,9.0
2898,49,56,0.0
2899,49,57,3.0
2900,50,0,0.0
2901,50,1,0.0
2902,50,2,0.0
2903,50,3,0.0
2904,50,4,0.0
2905,50,5,0.0
2906,50,6,0.0
2907,50,7,0.0
2908,50,8,0.0
2909,50,9,0.0
2910,50,10,0.0
2911,50,11,0.0
2912,50,12,0.0
2913,50,13,0.0
2914,50,14,1.0
2915,50,15,0.0
2916,50,16,0.0
2917,50,17,0.0
2918,50,18,0.0
2919,50,19,0.0
2920,50,20,0.0
2921,50,21,0.0
2922,50,22,0.0
2923,50,23,0.0
2924,50,24,0.0
2925,50,25,0.0
2926,50,26,0.0
2927,50,27,0.0
2928,50,28,0.0
2929,50,29,0.0
2930,50,30,0.0
2931,50,31,0.0
2932,50,32,0.0
2933,50,33,0.0
2934,50,34,0.0
2935,50,35,0.0
2936,50,36,0.0
2937,50,37,0.0
2938,50,38,0.0
2939,50,39,0.0
2940,50,40,0.0
2941,50,41,0.0
2942,50,42,0.0
2943,50,43,0.0
2944,50,44,0.0
2945,50,45,0.0
2946,50,46,0.0
2947,50,47,0.0
2948,50,48,0.0
2949,50,49,0.0
2950,50,50,0.0
2951,50,51,0.0
2952,50,52,0.0
2953,50,53,0.0
2954,50,54,0.0
2955,50,55,0.0
2956,50,56,0.0
2957,50,57,0.0
2958,51,0,0.0
2959,51,1,6.0
2960,51,2,6.0
2961,51,3,0.0
2962,51,4,1.0
2963,51,5,13.0
2964,51,6,4.0
2965,51,7,0.0
2966,51,8,0.0
2967,51,9,0.0
2968,51,10,0.0
2969,51,11,1.0
2970,51,12,3.0
2971,51,13,0.0
2972,51,14,51.0
2973,51,15,9.0
2974,51,16,2.0
2975,51,17,2.0
2976,51,18,0.0
2977,51,19,4.0
2978,51,20,1.0
2979,51,21,0.0
2980,51,22,2.0
2981,51,23,4.0
2982,51,24,0.0
2983,51,25,2.0
2984,51,26,1.0
2985,51,27,0.0
2986,51,28,2.0
2987,51,29,3.0
2988,51,30,0.0
2989,51,31,0.0
2990,51,32,0.0
2991,51,33,1.0
2992,51,34,2.0
2993,51,35,0.0
2994,51,36,2.0
2995,51,37,0.0
2996,51,38,0.0
2997,51,39,4.0
2998,51,40,1.0
2999,51,41,4.0
3000,51,42,0.0
3001,51,43,1.0
3002,51,44,1.0
3003,51,45,3.0
3004,51,46,1.0
3005,51,47,0.0
3006,51,48,0.0
3007,51,49,3.0
3008,51,50,0.0
3009,51,51,0.0
3010,51,52,1.0
3011,51,53,0.0
3012,51,54,2.0
3013,51,55,0.0
3014,51,56,0.0
3015,51,57,1.0
3016,52,0,3.0
3017,52,1,25.0
3018,52,2,21.0
3019,52,3,9.0
3020,52,4,6.0
3021,52,5,79.0
3022,52,6,47.0
3023,52,7,6.0
3024,52,8,24.0
3025,52,9,11.0
3026,52,10,0.0
3027,52,11,39.0
3028,52,12,38.0
3029,52,13,0.0
3030,52,14,144.0
3031,52,15,15.0
3032,52,16,16.0
3033,52,17,5.0
3034,52,18,7.0
3035,52,19,19.0
3036,52,20,7.0
3037,52,21,13.0
3038,52,22,4.0
3039,52,23,23.0
3040,52,24,75.0
3041,52,25,9.0
3042,52,26,17.0
3043,52,27,0.0
3044,52,28,2.0
3045,52,29,25.0
3046,52,30,1.0
3047,52,31,0.0
3048,52,32,0.0
3049,52,33,7.0
3050,52,34,3.0
3051,52,35,0.0
3052,52,36,53.0
3053,52,37,0.0
3054,52,38,0.0
3055,52,39,20.0
3056,52,40,15.0
3057,52,41,10.0
3058,52,42,0.0
3059,52,43,74.0
3060,52,44,8.0
3061,52,45,9.0
3062,52,46,5.0
3063,52,47,0.0
3064,52,48,0.0
3065,52,49,15.0
3066,52,50,0.0
3067,52,51,1.0
3068,52,52,0.0
3069,52,53,0.0
3070,52,54,6.0
3071,52,55,54.0
3072,52,56,0.0
3073,52,57,1.0
3074,53,0,0.0
3075,53,1,0.0
3076,53,2,0.0
3077,53,3,0.0
3078,53,4,0.0
3079,53,5,0.0
3080,53,6,0.0
3081,53,7,0.0
3082,53,8,0.0
3083,53,9,0.0
3084,53,10,0.0
3085,53,11,0.0
3086,53,12,0.0
3087,53,13,0.0
3088,53,14,1.0
3089,53,15,0.0
3090,53,16,0.0
3091,53,17,0.0
3092,53,18,0.0
3093,53,19,0.0
3094,53,20,0.0
3095,53,21,0.0
3096,53,22,0.0
3097,53,23,0.0
3098,53,24,0.0
3099,53,25,0.0
3100,53,26,0.0
3101,53,27,0.0
3102,53,28,0.0
3103,53,29,0.0
3104,53,30,0.0
3105,53,31,0.0
3106,53,32,0.0
3107,53,33,0.0
3108,53,34,0.0
3109,53,35,0.0
3110,53,36,0.0
3111,53,37,0.0
3112,53,38,0.0
3113,53,39,0.0
3114,53,40,0.0
3115,53,41,0.0
3116,53,42,0.0
3117,53,43,0.0
3118,53,44,0.0
3119,53,45,0.0
3120,53,46,0.0
3121,53,47,0.0
3122,53,48,0.0
3123,53,49,0.0
3124,53,50,0.0
3125,53,51,0.0
3126,53,52,0.0
3127,53,53,0.0
3128,53,54,0.0
3129,53,55,0.0
3130,53,56,0.0
3131,53,57,0.0
3132,54,0,1.0
3133,54,1,12.0
3134,54,2,11.0
3135,54,3,2.0
3136,54,4,1.0
3137,54,5,55.0
3138,54,6,11.0
3139,54,7,9.0
3140,54,8,5.0
3141,54,9,21.0
3142,54,10,0.0
3143,54,11,4.0
3144,54,12,6.0
3145,54,13,0.0
3146,54,14,228.0
3147,54,15,23.0
3148,54,16,18.0
3149,54,17,8.0
3150,54,18,6.0
3151,54,19,14.0
3152,54,20,18.0
3153,54,21,17.0
3154,54,22,11.0
3155,54,23,35.0
3156,54,24,16.0
3157,54,25,23.0
3158,54,26,5.0
3159,54,27,0.0
3160,54,28,3.0
3161,54,29,6.0
3162,54,30,1.0
3163,54,31,0.0
3164,54,32,0.0
3165,54,33,4.0
3166,54,34,7.0
3167,54,35,0.0
3168,54,36,6.0
3169,54,37,0.0
3170,54,38,0.0
3171,54,39,9.0
3172,54,40,12.0
3173,54,41,9.0
3174,54,42,0.0
3175,54,43,1.0
3176,54,44,13.0
3177,54,45,15.0
3178,54,46,5.0
3179,54,47,0.0
3180,54,48,0.0
3181,54,49,6.0
3182,54,50,0.0
3183,54,51,2.0
3184,54,52,6.0
3185,54,53,0.0
3186,54,54,0.0
3187,54,55,4.0
3188,54,56,0.0
3189,54,57,2.0
3190,55,0,1.0
3191,55,1,10.0
3192,55,2,11.0
3193,55,3,3.0
3194,55,4,4.0
3195,55,5,41.0
3196,55,6,20.0
3197,55,7,4.0
3198,55,8,18.0
3199,55,9,7.0
3200,55,10,0.0
3201,55,11,49.0
3202,55,12,80.0
3203,55,13,0.0
3204,55,14,60.0
3205,55,15,6.0
3206,55,16,9.0
3207,55,17,5.0
3208,55,18,8.0
3209,55,19,13.0
3210,55,20,9.0
3211,55,21,7.0
3212,55,22,1.0
3213,55,23,17.0
3214,55,24,62.0
3215,55,25,0.0
3216,55,26,20.0
3217,55,27,0.0
3218,55,28,4.0
3219,55,29,27.0
3220,55,30,0.0
3221,55,31,0.0
3222,55,32,0.0
3223,55,33,3.0
3224,55,34,6.0
3225,55,35,0.0
3226,55,36,17.0
3227,55,37,0.0
3228,55,38,0.0
3229,55,39,8.0
3230,55,40,1.0
3231,55,41,10.0
3232,55,42,0.0
3233,55,43,37.0
3234,55,44,4.0
3235,55,45,6.0
3236,55,46,1.0
3237,55,47,0.0
3238,55,48,0.0
3239,55,49,9.0
3240,55,50,0.0
3241,55,51,0.0
3242,55,52,54.0
3243,55,53,0.0
3244,55,54,4.0
3245,55,55,0.0
3246,55,56,0.0
3247,55,57,1.0
3248,56,0,0.0
3249,56,1,0.0
3250,56,2,0.0
3251,56,3,0.0
3252,56,4,0.0
3253,56,5,0.0
3254,56,6,0.0
3255,56,7,0.0
3256,56,8,0.0
3257,56,9,0.0
3258,56,10,0.0
3259,56,11,0.0
3260,56,12,0.0
3261,56,13,0.0
3262,56,14,1.0
3263,56,15,0.0
3264,56,16,0.0
3265,56,17,0.0
3266,56,18,0.0
3267,56,19,0.0
3268,56,20,0.0
3269,56,21,0.0
3270,56,22,0.0
3271,56,23,0.0
3272,56,24,0.0
3273,56,25,0.0
3274,56,26,0.0
3275,56,27,0.0
3276,56,28,0.0
3277,56,29,0.0
3278,56,30,0.0
3279,56,31,0.0
3280,56,32,0.0
3281,56,33,0.0
3282,56,34,0.0
3283,56,35,0.0
3284,56,36,0.0
3285,56,37,0.0
3286,56,38,0.0
3287,56,39,0.0
3288,56,40,0.0
3289,56,41,0.0
3290,56,42,0.0
3291,56,43,0.0
3292,56,44,0.0
3293,56,45,0.0
3294,56,46,0.0
3295,56,47,0.0
3296,56,48,0.0
3297,56,49,0.0
3298,56,50,0.0
3299,56,51,0.0
3300,56,52,0.0
3301,56,53,0.0
3302,56,54,0.0
3303,56,55,0.0
3304,56,56,0.0
3305,56,57,0.0
3306,57,0,1.0
3307,57,1,2.0
3308,57,2,1.0
3309,57,3,2.0
3310,57,4,0.0
3311,57,5,35.0
3312,57,6,2.0
3313,57,7,2.0
3314,57,8,2.0
3315,57,9,2.0
3316,57,10,0.0
3317,57,11,4.0
3318,57,12,3.0
3319,57,13,0.0
3320,57,14,113.0
3321,57,15,2.0
3322,57,16,3.0
3323,57,17,2.0
3324,57,18,2.0
3325,57,19,6.0
3326,57,20,3.0
3327,57,21,3.0
3328,57,22,1.0
3329,57,23,13.0
3330,57,24,4.0
3331,57,25,2.0
3332,57,26,3.0
3333,57,27,0.0
3334,57,28,2.0
3335,57,29,1.0
3336,57,30,0.0
3337,57,31,0.0
3338,57,32,0.0
3339,57,33,5.0
3340,57,34,0.0
3341,57,35,0.0
3342,57,36,0.0
3343,57,37,0.0
3344,57,38,0.0
3345,57,39,2.0
3346,57,40,1.0
3347,57,41,3.0
3348,57,42,0.0
3349,57,43,1.0
3350,57,44,3.0
3351,57,45,3.0
3352,57,46,3.0
3353,57,47,0.0
3354,57,48,0.0
3355,57,49,3.0
3356,57,50,0.0
3357,57,51,1.0
3358,57,52,1.0
3359,57,53,0.0
3360,57,54,2.0
3361,57,55,1.0
3362,57,56,0.0
3363,57,57,0.0
